Usuario;Password
Juan123;MiContrasena123
Pedro456;Hola123456
Edgar852;MiContrasena
Sofia;Sofia123
Alejandra;Alejandra123
Maria;Maria123
Azucena;Azu852963
Aldair;rojohueco
Alba;a
eaqwe;123456789
ebasdf;123456789
cedsfd;123456789
deasdfasd;123456789
faesdfasd;123456789
gdfeasdf;123456789
h6a5esd;123456789
i5ad5ef1;123456789
jasdf6e45;123456789
kasdf45e;123456789
asdf451e;123456789
easdf86415;123456789
efasd45;123456789
asdf846513;123456789
awe645d;123456789
dasdf646846;123456789
aas46851;123456789
wr852;123456789
eas63;123456789
eee4514;123456789
raesdf;123456789
qas88df;123456789
sasdf444;123456789
aasfd48651;123456789
addaaaaaaaaaa;123456789
aqffwedfa;123456789
basffdadff;123456789
cdsfaeesdffd;123456789
dasdfaaassdfad;123456789
fasdfasddasdfd;123456789
gdfasdsdeefsaf;123456789
h6a5sdfsdrr;123456789
i5asdfd5fqqq1;123456789
jasdfdf64dd5;123456789
kasfsdfasrrdfdf45;123456789
asdasdfaf4rr51;123456789
asdasdfaf86qqq415;123456789
fasasdfasd4rrr5;123456789
asdasasdfadffddd846513;123456789
asdasdff8465qqq13;123456789
asdf646846q;123456789
as4asdfasdf6851;123456789
r8assdfasdf52;123456789
afsasdfasdf63;123456789
eefsdfsdf4514;123456789
aeffasdfsdf;123456789
as8s8fadf;123456789
asafddfadf444;123456789
asfdd486fa51;123456789
eeeeafafaeeeeeee;789456123
we6s45dd;123456789
assdsf646d846;123456789
as468d51;123456789
r85sd2;123456789
ass6d3;123456789
ee45d14;123456789
aesdssfd;123456789
as88sdfd;123456789
dasdsf444d;123456789
adsfd48651;123456789
aadaaaaaaaaa;123456789
aqwdedfa;123456789
basddadff;123456789
cdsfadsdffd;123456789
dasdfadssdfad;123456789
fasdfsasdddasdfd;123456789
dgddfasdsdfsaf;12345f6789
hd6a5sdffsd;123456789
i5dasdfd5f1;12345678f9
jasddfdf645;123456789f
kasfdsdfasdfdf45;123456789
fasdasddfaf451;123456789
asdasddfaf86415;123456789
ffasasdfdasd45;123456789
afsdasasddfadff846513;123456789
asdasdff8d46513;123456789
afsdf646846dddd;123456789
afs4asdfasdfd6851;123456789
rf8ffafffdsdfasdf52;123456789
dasasdfasdf63;123456789
ededfffsdf4514;123456789
aedffasdfsdf;123456789
as8df8df;123456789
asafddddf444;123456789
asdfasdfadsfasfddd48651;123456789
ddsdfasdfdddddddddddd;789456123
ewed645d;123456789
easdf646846;123456789
aes46851;123456789
r8e52;123456789
as6e3;123456789
ee45e14;123456789
aesdfe;123456789
eas88df;123456789
aesdfasdfas444;12f3456789
asefd4dfasd8651;1s23456789
asdfasdfaaaeaaaaaaaaa;123456789
aqweedfa;1df23456789
basdaedff;s123456789
cdsfasdfdaffd;123456789
dasdfeasssdfad;123456789
fasdfaeafsasdfd;123456789
gdfasddssedfsaf;123456789
h6a5sdafsed;123456789
ei5asdffd5f1;123456789
jeasdfdf645;123456789
kaesfssadfasdfdf45;123456789
asdeasdfaf451;123456789
asdaesdafaf86415;123456789
fasasedffasd45;123456789
asdasadsesdfadff846513;123456789
asdasadfef846513;123456789
asdfdfs6468e46;123456789
as4aasdfasedf6851;123456789
r8asdfasdef52;123456789
asasdfaasdef63;123456789
eedfsdff4514;123456789
aeefsdasdfsdf;123456789
ase8af8df;123456789
asadsaefdddf444;123456789
adfsfdeedd48651;123456789
sauuuuuuduuuu:123456789
qwwe645d;123456789
aswdf646846;123456789
as4w6851;123456789
r8asdf52q;1234567a89
as63asdf;123456789
ee4q51asdf4;12345678a9
qqqqaesdasdff;123456789a
as88qqqqdf;123456789
aasdf44qqq4;123456789
asfd4865q1;123456789
aaaaaaaaakaqqqqaa;123456789
aaqwqedfa;123456789
basdqadff;123456789
qacdsfaqsdffd;123456789
dqaasdfassdfad;123456789
faqsdfasasdfd;123456789
gdafqasdsdfsaf;123456789
h6aa5qsdfsd;123456789
i5asdqfd5f1;123456789
jasadfdqf645;123456789
kasafsdfqasdfdf45;123456789
asdasdfaqf451;123456789
asdaasdfafq86415;123456789
fasasdfasdq45;123456789
asdasaasdfadqff846513;123456789
asdasadff8465q13;123456789
asdf6a4684q6;123456789
qas4aasdfasdf6851;123456789
rq8aasdfasdf52;123456789
asqaasdfasdf63;123456789
eeadqfsdf4514;123456789
aaefaqsdfsdf;123456789
adas88dqf;123456789
fadsafdddf444;123456789
fasdfffdd48651;123456789